[{"__symbolic":"module","version":3,"metadata":{"NgbDropdown":{"__symbolic":"class","decorators":[{"__symbolic":"call","expression":{"__symbolic":"reference","module":"@angular/core","name":"Directive"},"arguments":[{"selector":"[ngbDropdown]","exportAs":"ngbDropdown","host":{"[class.dropdown]":"!up","[class.dropup]":"up","[class.show]":"isOpen()","(keyup.esc)":"closeFromOutsideEsc()","(document:click)":"closeFromOutsideClick($event)","$quoted$":["[class.dropdown]","[class.dropup]","[class.show]","(keyup.esc)","(document:click)"]}}]}],"members":{"up":[{"__symbolic":"property","decorators":[{"__symbolic":"call","expression":{"__symbolic":"reference","module":"@angular/core","name":"Input"}}]}],"autoClose":[{"__symbolic":"property","decorators":[{"__symbolic":"call","expression":{"__symbolic":"reference","module":"@angular/core","name":"Input"}}]}],"_open":[{"__symbolic":"property","decorators":[{"__symbolic":"call","expression":{"__symbolic":"reference","module":"@angular/core","name":"Input"},"arguments":["open"]}]}],"openChange":[{"__symbolic":"property","decorators":[{"__symbolic":"call","expression":{"__symbolic":"reference","module":"@angular/core","name":"Output"}}]}],"__ctor__":[{"__symbolic":"constructor","parameters":[{"__symbolic":"reference","module":"./dropdown-config","name":"NgbDropdownConfig"}]}],"isOpen":[{"__symbolic":"method"}],"open":[{"__symbolic":"method"}],"close":[{"__symbolic":"method"}],"toggle":[{"__symbolic":"method"}],"closeFromOutsideClick":[{"__symbolic":"method"}],"closeFromOutsideEsc":[{"__symbolic":"method"}],"_isEventFromToggle":[{"__symbolic":"method"}]}},"NgbDropdownToggle":{"__symbolic":"class","decorators":[{"__symbolic":"call","expression":{"__symbolic":"reference","module":"@angular/core","name":"Directive"},"arguments":[{"selector":"[ngbDropdownToggle]","host":{"class":"dropdown-toggle","aria-haspopup":"true","[attr.aria-expanded]":"dropdown.isOpen()","(click)":"toggleOpen()","$quoted$":["class","aria-haspopup","[attr.aria-expanded]","(click)"]}}]}],"members":{"__ctor__":[{"__symbolic":"constructor","parameters":[{"__symbolic":"reference","name":"NgbDropdown"},{"__symbolic":"reference","module":"@angular/core","name":"ElementRef"}]}],"toggleOpen":[{"__symbolic":"method"}]}}}},{"__symbolic":"module","version":1,"metadata":{"NgbDropdown":{"__symbolic":"class","decorators":[{"__symbolic":"call","expression":{"__symbolic":"reference","module":"@angular/core","name":"Directive"},"arguments":[{"selector":"[ngbDropdown]","exportAs":"ngbDropdown","host":{"[class.dropdown]":"!up","[class.dropup]":"up","[class.show]":"isOpen()","(keyup.esc)":"closeFromOutsideEsc()","(document:click)":"closeFromOutsideClick($event)"}}]}],"members":{"up":[{"__symbolic":"property","decorators":[{"__symbolic":"call","expression":{"__symbolic":"reference","module":"@angular/core","name":"Input"}}]}],"autoClose":[{"__symbolic":"property","decorators":[{"__symbolic":"call","expression":{"__symbolic":"reference","module":"@angular/core","name":"Input"}}]}],"_open":[{"__symbolic":"property","decorators":[{"__symbolic":"call","expression":{"__symbolic":"reference","module":"@angular/core","name":"Input"},"arguments":["open"]}]}],"openChange":[{"__symbolic":"property","decorators":[{"__symbolic":"call","expression":{"__symbolic":"reference","module":"@angular/core","name":"Output"}}]}],"__ctor__":[{"__symbolic":"constructor","parameters":[{"__symbolic":"reference","module":"./dropdown-config","name":"NgbDropdownConfig"}]}],"isOpen":[{"__symbolic":"method"}],"open":[{"__symbolic":"method"}],"close":[{"__symbolic":"method"}],"toggle":[{"__symbolic":"method"}],"closeFromOutsideClick":[{"__symbolic":"method"}],"closeFromOutsideEsc":[{"__symbolic":"method"}],"_isEventFromToggle":[{"__symbolic":"method"}]}},"NgbDropdownToggle":{"__symbolic":"class","decorators":[{"__symbolic":"call","expression":{"__symbolic":"reference","module":"@angular/core","name":"Directive"},"arguments":[{"selector":"[ngbDropdownToggle]","host":{"class":"dropdown-toggle","aria-haspopup":"true","[attr.aria-expanded]":"dropdown.isOpen()","(click)":"toggleOpen()"}}]}],"members":{"__ctor__":[{"__symbolic":"constructor","parameters":[{"__symbolic":"reference","name":"NgbDropdown"},{"__symbolic":"reference","module":"@angular/core","name":"ElementRef"}]}],"toggleOpen":[{"__symbolic":"method"}]}}}}]