[{"__symbolic":"module","version":3,"metadata":{"NgbTimepicker":{"__symbolic":"class","decorators":[{"__symbolic":"call","expression":{"__symbolic":"reference","module":"@angular/core","name":"Component"},"arguments":[{"selector":"ngb-timepicker","styles":["\n    .ngb-tp {\n      display: flex;\n      align-items: center;\n    }\n\n    .ngb-tp-hour, .ngb-tp-minute, .ngb-tp-second, .ngb-tp-meridian {\n      display: flex;\n      flex-direction: column;\n      align-items: center;\n      justify-content: space-around;\n    }\n\n    .ngb-tp-spacer {\n      width: 1em;\n      text-align: center;\n    }\n\n    .chevron::before {\n      border-style: solid;\n      border-width: 0.29em 0.29em 0 0;\n      content: '';\n      display: inline-block;\n      height: 0.69em;\n      left: 0.05em;\n      position: relative;\n      top: 0.15em;\n      transform: rotate(-45deg);\n      -webkit-transform: rotate(-45deg);\n      -ms-transform: rotate(-45deg);\n      vertical-align: middle;\n      width: 0.71em;\n    }\n\n    .chevron.bottom:before {\n      top: -.3em;\n      -webkit-transform: rotate(135deg);\n      -ms-transform: rotate(135deg);\n      transform: rotate(135deg);\n    }\n\n    .btn-link {\n      outline: 0;\n    }\n\n    .btn-link.disabled {\n      cursor: not-allowed;\n      opacity: .65;\n    }\n\n    input {\n      text-align: center;\n      display: inline-block;\n      width: auto;\n    }\n  "],"template":"\n    <fieldset [disabled]=\"disabled\" [class.disabled]=\"disabled\">\n      <div class=\"ngb-tp\">\n        <div class=\"ngb-tp-hour\">\n          <button *ngIf=\"spinners\" type=\"button\" class=\"btn-link\" [ngClass]=\"setButtonSize()\" (click)=\"changeHour(hourStep)\"\n            [disabled]=\"disabled\" [class.disabled]=\"disabled\">\n            <span class=\"chevron\"></span>\n            <span class=\"sr-only\">Increment hours</span>\n          </button>\n          <input type=\"text\" class=\"form-control\" [ngClass]=\"setFormControlSize()\" maxlength=\"2\" size=\"2\" placeholder=\"HH\"\n            [value]=\"formatHour(model?.hour)\" (change)=\"updateHour($event.target.value)\"\n            [readonly]=\"readonlyInputs\" [disabled]=\"disabled\" aria-label=\"Hours\">\n          <button *ngIf=\"spinners\" type=\"button\" class=\"btn-link\" [ngClass]=\"setButtonSize()\" (click)=\"changeHour(-hourStep)\"\n            [disabled]=\"disabled\" [class.disabled]=\"disabled\">\n            <span class=\"chevron bottom\"></span>\n            <span class=\"sr-only\">Decrement hours</span>\n          </button>\n        </div>\n        <div class=\"ngb-tp-spacer\">:</div>\n        <div class=\"ngb-tp-minute\">\n          <button *ngIf=\"spinners\" type=\"button\" class=\"btn-link\" [ngClass]=\"setButtonSize()\" (click)=\"changeMinute(minuteStep)\"\n            [disabled]=\"disabled\" [class.disabled]=\"disabled\">\n            <span class=\"chevron\"></span>\n            <span class=\"sr-only\">Increment minutes</span>\n          </button>\n          <input type=\"text\" class=\"form-control\" [ngClass]=\"setFormControlSize()\" maxlength=\"2\" size=\"2\" placeholder=\"MM\"\n            [value]=\"formatMinSec(model?.minute)\" (change)=\"updateMinute($event.target.value)\"\n            [readonly]=\"readonlyInputs\" [disabled]=\"disabled\" aria-label=\"Minutes\">\n          <button *ngIf=\"spinners\" type=\"button\" class=\"btn-link\" [ngClass]=\"setButtonSize()\" (click)=\"changeMinute(-minuteStep)\"\n            [disabled]=\"disabled\" [class.disabled]=\"disabled\">\n            <span class=\"chevron bottom\"></span>\n            <span class=\"sr-only\">Decrement minutes</span>\n          </button>\n        </div>\n        <div *ngIf=\"seconds\" class=\"ngb-tp-spacer\">:</div>\n        <div *ngIf=\"seconds\" class=\"ngb-tp-second\">\n          <button *ngIf=\"spinners\" type=\"button\" class=\"btn-link\" [ngClass]=\"setButtonSize()\" (click)=\"changeSecond(secondStep)\"\n            [disabled]=\"disabled\" [class.disabled]=\"disabled\">\n            <span class=\"chevron\"></span>\n            <span class=\"sr-only\">Increment seconds</span>\n          </button>\n          <input type=\"text\" class=\"form-control\" [ngClass]=\"setFormControlSize()\" maxlength=\"2\" size=\"2\" placeholder=\"SS\"\n            [value]=\"formatMinSec(model?.second)\" (change)=\"updateSecond($event.target.value)\"\n            [readonly]=\"readonlyInputs\" [disabled]=\"disabled\" aria-label=\"Seconds\">\n          <button *ngIf=\"spinners\" type=\"button\" class=\"btn-link\" [ngClass]=\"setButtonSize()\" (click)=\"changeSecond(-secondStep)\"\n            [disabled]=\"disabled\" [class.disabled]=\"disabled\">\n            <span class=\"chevron bottom\"></span>\n            <span class=\"sr-only\">Decrement seconds</span>\n          </button>\n        </div>\n        <div *ngIf=\"meridian\" class=\"ngb-tp-spacer\"></div>\n        <div *ngIf=\"meridian\" class=\"ngb-tp-meridian\">\n          <button type=\"button\" class=\"btn btn-outline-primary\" [ngClass]=\"setButtonSize()\"\n            [disabled]=\"disabled\" [class.disabled]=\"disabled\"\n            (click)=\"toggleMeridian()\">{{model.hour >= 12 ? 'PM' : 'AM'}}</button>\n        </div>\n      </div>\n    </fieldset>\n  ","providers":[{"provide":{"__symbolic":"reference","module":"@angular/forms","name":"NG_VALUE_ACCESSOR"},"useExisting":{"__symbolic":"reference","name":"NgbTimepicker"},"multi":true}]}]}],"members":{"meridian":[{"__symbolic":"property","decorators":[{"__symbolic":"call","expression":{"__symbolic":"reference","module":"@angular/core","name":"Input"}}]}],"spinners":[{"__symbolic":"property","decorators":[{"__symbolic":"call","expression":{"__symbolic":"reference","module":"@angular/core","name":"Input"}}]}],"seconds":[{"__symbolic":"property","decorators":[{"__symbolic":"call","expression":{"__symbolic":"reference","module":"@angular/core","name":"Input"}}]}],"hourStep":[{"__symbolic":"property","decorators":[{"__symbolic":"call","expression":{"__symbolic":"reference","module":"@angular/core","name":"Input"}}]}],"minuteStep":[{"__symbolic":"property","decorators":[{"__symbolic":"call","expression":{"__symbolic":"reference","module":"@angular/core","name":"Input"}}]}],"secondStep":[{"__symbolic":"property","decorators":[{"__symbolic":"call","expression":{"__symbolic":"reference","module":"@angular/core","name":"Input"}}]}],"readonlyInputs":[{"__symbolic":"property","decorators":[{"__symbolic":"call","expression":{"__symbolic":"reference","module":"@angular/core","name":"Input"}}]}],"size":[{"__symbolic":"property","decorators":[{"__symbolic":"call","expression":{"__symbolic":"reference","module":"@angular/core","name":"Input"}}]}],"__ctor__":[{"__symbolic":"constructor","parameters":[{"__symbolic":"reference","module":"./timepicker-config","name":"NgbTimepickerConfig"}]}],"writeValue":[{"__symbolic":"method"}],"registerOnChange":[{"__symbolic":"method"}],"registerOnTouched":[{"__symbolic":"method"}],"setDisabledState":[{"__symbolic":"method"}],"changeHour":[{"__symbolic":"method"}],"changeMinute":[{"__symbolic":"method"}],"changeSecond":[{"__symbolic":"method"}],"updateHour":[{"__symbolic":"method"}],"updateMinute":[{"__symbolic":"method"}],"updateSecond":[{"__symbolic":"method"}],"toggleMeridian":[{"__symbolic":"method"}],"formatHour":[{"__symbolic":"method"}],"formatMinSec":[{"__symbolic":"method"}],"setFormControlSize":[{"__symbolic":"method"}],"setButtonSize":[{"__symbolic":"method"}],"ngOnChanges":[{"__symbolic":"method"}],"propagateModelChange":[{"__symbolic":"method"}]}}}},{"__symbolic":"module","version":1,"metadata":{"NgbTimepicker":{"__symbolic":"class","decorators":[{"__symbolic":"call","expression":{"__symbolic":"reference","module":"@angular/core","name":"Component"},"arguments":[{"selector":"ngb-timepicker","styles":["\n    .ngb-tp {\n      display: flex;\n      align-items: center;\n    }\n\n    .ngb-tp-hour, .ngb-tp-minute, .ngb-tp-second, .ngb-tp-meridian {\n      display: flex;\n      flex-direction: column;\n      align-items: center;\n      justify-content: space-around;\n    }\n\n    .ngb-tp-spacer {\n      width: 1em;\n      text-align: center;\n    }\n\n    .chevron::before {\n      border-style: solid;\n      border-width: 0.29em 0.29em 0 0;\n      content: '';\n      display: inline-block;\n      height: 0.69em;\n      left: 0.05em;\n      position: relative;\n      top: 0.15em;\n      transform: rotate(-45deg);\n      -webkit-transform: rotate(-45deg);\n      -ms-transform: rotate(-45deg);\n      vertical-align: middle;\n      width: 0.71em;\n    }\n\n    .chevron.bottom:before {\n      top: -.3em;\n      -webkit-transform: rotate(135deg);\n      -ms-transform: rotate(135deg);\n      transform: rotate(135deg);\n    }\n\n    .btn-link {\n      outline: 0;\n    }\n\n    .btn-link.disabled {\n      cursor: not-allowed;\n      opacity: .65;\n    }\n\n    input {\n      text-align: center;\n      display: inline-block;\n      width: auto;\n    }\n  "],"template":"\n    <fieldset [disabled]=\"disabled\" [class.disabled]=\"disabled\">\n      <div class=\"ngb-tp\">\n        <div class=\"ngb-tp-hour\">\n          <button *ngIf=\"spinners\" type=\"button\" class=\"btn-link\" [ngClass]=\"setButtonSize()\" (click)=\"changeHour(hourStep)\"\n            [disabled]=\"disabled\" [class.disabled]=\"disabled\">\n            <span class=\"chevron\"></span>\n            <span class=\"sr-only\">Increment hours</span>\n          </button>\n          <input type=\"text\" class=\"form-control\" [ngClass]=\"setFormControlSize()\" maxlength=\"2\" size=\"2\" placeholder=\"HH\"\n            [value]=\"formatHour(model?.hour)\" (change)=\"updateHour($event.target.value)\"\n            [readonly]=\"readonlyInputs\" [disabled]=\"disabled\" aria-label=\"Hours\">\n          <button *ngIf=\"spinners\" type=\"button\" class=\"btn-link\" [ngClass]=\"setButtonSize()\" (click)=\"changeHour(-hourStep)\"\n            [disabled]=\"disabled\" [class.disabled]=\"disabled\">\n            <span class=\"chevron bottom\"></span>\n            <span class=\"sr-only\">Decrement hours</span>\n          </button>\n        </div>\n        <div class=\"ngb-tp-spacer\">:</div>\n        <div class=\"ngb-tp-minute\">\n          <button *ngIf=\"spinners\" type=\"button\" class=\"btn-link\" [ngClass]=\"setButtonSize()\" (click)=\"changeMinute(minuteStep)\"\n            [disabled]=\"disabled\" [class.disabled]=\"disabled\">\n            <span class=\"chevron\"></span>\n            <span class=\"sr-only\">Increment minutes</span>\n          </button>\n          <input type=\"text\" class=\"form-control\" [ngClass]=\"setFormControlSize()\" maxlength=\"2\" size=\"2\" placeholder=\"MM\"\n            [value]=\"formatMinSec(model?.minute)\" (change)=\"updateMinute($event.target.value)\"\n            [readonly]=\"readonlyInputs\" [disabled]=\"disabled\" aria-label=\"Minutes\">\n          <button *ngIf=\"spinners\" type=\"button\" class=\"btn-link\" [ngClass]=\"setButtonSize()\" (click)=\"changeMinute(-minuteStep)\"\n            [disabled]=\"disabled\" [class.disabled]=\"disabled\">\n            <span class=\"chevron bottom\"></span>\n            <span class=\"sr-only\">Decrement minutes</span>\n          </button>\n        </div>\n        <div *ngIf=\"seconds\" class=\"ngb-tp-spacer\">:</div>\n        <div *ngIf=\"seconds\" class=\"ngb-tp-second\">\n          <button *ngIf=\"spinners\" type=\"button\" class=\"btn-link\" [ngClass]=\"setButtonSize()\" (click)=\"changeSecond(secondStep)\"\n            [disabled]=\"disabled\" [class.disabled]=\"disabled\">\n            <span class=\"chevron\"></span>\n            <span class=\"sr-only\">Increment seconds</span>\n          </button>\n          <input type=\"text\" class=\"form-control\" [ngClass]=\"setFormControlSize()\" maxlength=\"2\" size=\"2\" placeholder=\"SS\"\n            [value]=\"formatMinSec(model?.second)\" (change)=\"updateSecond($event.target.value)\"\n            [readonly]=\"readonlyInputs\" [disabled]=\"disabled\" aria-label=\"Seconds\">\n          <button *ngIf=\"spinners\" type=\"button\" class=\"btn-link\" [ngClass]=\"setButtonSize()\" (click)=\"changeSecond(-secondStep)\"\n            [disabled]=\"disabled\" [class.disabled]=\"disabled\">\n            <span class=\"chevron bottom\"></span>\n            <span class=\"sr-only\">Decrement seconds</span>\n          </button>\n        </div>\n        <div *ngIf=\"meridian\" class=\"ngb-tp-spacer\"></div>\n        <div *ngIf=\"meridian\" class=\"ngb-tp-meridian\">\n          <button type=\"button\" class=\"btn btn-outline-primary\" [ngClass]=\"setButtonSize()\"\n            [disabled]=\"disabled\" [class.disabled]=\"disabled\"\n            (click)=\"toggleMeridian()\">{{model.hour >= 12 ? 'PM' : 'AM'}}</button>\n        </div>\n      </div>\n    </fieldset>\n  ","providers":[{"provide":{"__symbolic":"reference","module":"@angular/forms","name":"NG_VALUE_ACCESSOR"},"useExisting":{"__symbolic":"reference","name":"NgbTimepicker"},"multi":true}]}]}],"members":{"meridian":[{"__symbolic":"property","decorators":[{"__symbolic":"call","expression":{"__symbolic":"reference","module":"@angular/core","name":"Input"}}]}],"spinners":[{"__symbolic":"property","decorators":[{"__symbolic":"call","expression":{"__symbolic":"reference","module":"@angular/core","name":"Input"}}]}],"seconds":[{"__symbolic":"property","decorators":[{"__symbolic":"call","expression":{"__symbolic":"reference","module":"@angular/core","name":"Input"}}]}],"hourStep":[{"__symbolic":"property","decorators":[{"__symbolic":"call","expression":{"__symbolic":"reference","module":"@angular/core","name":"Input"}}]}],"minuteStep":[{"__symbolic":"property","decorators":[{"__symbolic":"call","expression":{"__symbolic":"reference","module":"@angular/core","name":"Input"}}]}],"secondStep":[{"__symbolic":"property","decorators":[{"__symbolic":"call","expression":{"__symbolic":"reference","module":"@angular/core","name":"Input"}}]}],"readonlyInputs":[{"__symbolic":"property","decorators":[{"__symbolic":"call","expression":{"__symbolic":"reference","module":"@angular/core","name":"Input"}}]}],"size":[{"__symbolic":"property","decorators":[{"__symbolic":"call","expression":{"__symbolic":"reference","module":"@angular/core","name":"Input"}}]}],"__ctor__":[{"__symbolic":"constructor","parameters":[{"__symbolic":"reference","module":"./timepicker-config","name":"NgbTimepickerConfig"}]}],"writeValue":[{"__symbolic":"method"}],"registerOnChange":[{"__symbolic":"method"}],"registerOnTouched":[{"__symbolic":"method"}],"setDisabledState":[{"__symbolic":"method"}],"changeHour":[{"__symbolic":"method"}],"changeMinute":[{"__symbolic":"method"}],"changeSecond":[{"__symbolic":"method"}],"updateHour":[{"__symbolic":"method"}],"updateMinute":[{"__symbolic":"method"}],"updateSecond":[{"__symbolic":"method"}],"toggleMeridian":[{"__symbolic":"method"}],"formatHour":[{"__symbolic":"method"}],"formatMinSec":[{"__symbolic":"method"}],"setFormControlSize":[{"__symbolic":"method"}],"setButtonSize":[{"__symbolic":"method"}],"ngOnChanges":[{"__symbolic":"method"}],"propagateModelChange":[{"__symbolic":"method"}]}}}}]