[{"__symbolic":"module","version":3,"metadata":{"NgbHighlight":{"__symbolic":"class","decorators":[{"__symbolic":"call","expression":{"__symbolic":"reference","module":"@angular/core","name":"Component"},"arguments":[{"selector":"ngb-highlight","changeDetection":{"__symbolic":"select","expression":{"__symbolic":"reference","module":"@angular/core","name":"ChangeDetectionStrategy"},"member":"OnPush"},"template":"<ng-template ngFor [ngForOf]=\"parts\" let-part let-isOdd=\"odd\"><span *ngIf=\"isOdd\" class=\"{{highlightClass}}\">{{part}}</span><ng-template [ngIf]=\"!isOdd\">{{part}}</ng-template></ng-template>","styles":["\n    .ngb-highlight {\n      font-weight: bold;\n    }\n  "]}]}],"members":{"highlightClass":[{"__symbolic":"property","decorators":[{"__symbolic":"call","expression":{"__symbolic":"reference","module":"@angular/core","name":"Input"}}]}],"result":[{"__symbolic":"property","decorators":[{"__symbolic":"call","expression":{"__symbolic":"reference","module":"@angular/core","name":"Input"}}]}],"term":[{"__symbolic":"property","decorators":[{"__symbolic":"call","expression":{"__symbolic":"reference","module":"@angular/core","name":"Input"}}]}],"ngOnChanges":[{"__symbolic":"method"}]}}}},{"__symbolic":"module","version":1,"metadata":{"NgbHighlight":{"__symbolic":"class","decorators":[{"__symbolic":"call","expression":{"__symbolic":"reference","module":"@angular/core","name":"Component"},"arguments":[{"selector":"ngb-highlight","changeDetection":{"__symbolic":"select","expression":{"__symbolic":"reference","module":"@angular/core","name":"ChangeDetectionStrategy"},"member":"OnPush"},"template":"<ng-template ngFor [ngForOf]=\"parts\" let-part let-isOdd=\"odd\"><span *ngIf=\"isOdd\" class=\"{{highlightClass}}\">{{part}}</span><ng-template [ngIf]=\"!isOdd\">{{part}}</ng-template></ng-template>","styles":["\n    .ngb-highlight {\n      font-weight: bold;\n    }\n  "]}]}],"members":{"highlightClass":[{"__symbolic":"property","decorators":[{"__symbolic":"call","expression":{"__symbolic":"reference","module":"@angular/core","name":"Input"}}]}],"result":[{"__symbolic":"property","decorators":[{"__symbolic":"call","expression":{"__symbolic":"reference","module":"@angular/core","name":"Input"}}]}],"term":[{"__symbolic":"property","decorators":[{"__symbolic":"call","expression":{"__symbolic":"reference","module":"@angular/core","name":"Input"}}]}],"ngOnChanges":[{"__symbolic":"method"}]}}}}]