[{"__symbolic":"module","version":3,"metadata":{"NgbTypeaheadModule":{"__symbolic":"class","decorators":[{"__symbolic":"call","expression":{"__symbolic":"reference","module":"@angular/core","name":"NgModule"},"arguments":[{"declarations":[{"__symbolic":"reference","module":"./typeahead","name":"NgbTypeahead"},{"__symbolic":"reference","module":"./highlight","name":"NgbHighlight"},{"__symbolic":"reference","module":"./typeahead-window","name":"NgbTypeaheadWindow"}],"exports":[{"__symbolic":"reference","module":"./typeahead","name":"NgbTypeahead"}],"imports":[{"__symbolic":"reference","module":"@angular/common","name":"CommonModule"}],"entryComponents":[{"__symbolic":"reference","module":"./typeahead-window","name":"NgbTypeaheadWindow"}]}]}],"statics":{"forRoot":{"__symbolic":"function","parameters":[],"value":{"ngModule":{"__symbolic":"reference","name":"NgbTypeaheadModule"},"providers":[{"__symbolic":"reference","module":"./typeahead-config","name":"NgbTypeaheadConfig"}]}}}}},"exports":[{"from":"./highlight","export":["NgbHighlight"]},{"from":"./typeahead-window","export":["NgbTypeaheadWindow"]},{"from":"./typeahead-config","export":["NgbTypeaheadConfig"]},{"from":"./typeahead","export":["NgbTypeahead","NgbTypeaheadSelectItemEvent"]}]},{"__symbolic":"module","version":1,"metadata":{"NgbTypeaheadModule":{"__symbolic":"class","decorators":[{"__symbolic":"call","expression":{"__symbolic":"reference","module":"@angular/core","name":"NgModule"},"arguments":[{"declarations":[{"__symbolic":"reference","module":"./typeahead","name":"NgbTypeahead"},{"__symbolic":"reference","module":"./highlight","name":"NgbHighlight"},{"__symbolic":"reference","module":"./typeahead-window","name":"NgbTypeaheadWindow"}],"exports":[{"__symbolic":"reference","module":"./typeahead","name":"NgbTypeahead"}],"imports":[{"__symbolic":"reference","module":"@angular/common","name":"CommonModule"}],"entryComponents":[{"__symbolic":"reference","module":"./typeahead-window","name":"NgbTypeaheadWindow"}]}]}],"statics":{"forRoot":{"__symbolic":"function","parameters":[],"value":{"ngModule":{"__symbolic":"reference","name":"NgbTypeaheadModule"},"providers":[{"__symbolic":"reference","module":"./typeahead-config","name":"NgbTypeaheadConfig"}]}}}}},"exports":[{"from":"./highlight","export":["NgbHighlight"]},{"from":"./typeahead-window","export":["NgbTypeaheadWindow"]},{"from":"./typeahead-config","export":["NgbTypeaheadConfig"]},{"from":"./typeahead","export":["NgbTypeahead","NgbTypeaheadSelectItemEvent"]}]}]