[{"__symbolic":"module","version":3,"metadata":{"NgbDatepickerMonthView":{"__symbolic":"class","decorators":[{"__symbolic":"call","expression":{"__symbolic":"reference","module":"@angular/core","name":"Component"},"arguments":[{"selector":"ngb-datepicker-month-view","host":{"class":"d-block","$quoted$":["class"]},"styles":["\n    .ngb-dp-weekday, .ngb-dp-week-number {\n      line-height: 2rem;\n    }\n    .ngb-dp-day, .ngb-dp-weekday, .ngb-dp-week-number {\n      width: 2rem;\n      height: 2rem;      \n    }\n    .ngb-dp-day {\n      cursor: pointer;\n    }\n    .ngb-dp-day.disabled, .ngb-dp-day.hidden {\n      cursor: default;\n    }\n  "],"template":"\n    <div *ngIf=\"showWeekdays\" class=\"ngb-dp-week d-flex\">\n      <div *ngIf=\"showWeekNumbers\" class=\"ngb-dp-weekday\"></div>\n      <div *ngFor=\"let w of month.weekdays\" class=\"ngb-dp-weekday small text-center text-info font-italic\">\n        {{ i18n.getWeekdayShortName(w) }}\n      </div>\n    </div>\n    <ng-template ngFor let-week [ngForOf]=\"month.weeks\">\n      <div *ngIf=\"!isCollapsed(week)\" class=\"ngb-dp-week d-flex\">\n        <div *ngIf=\"showWeekNumbers\" class=\"ngb-dp-week-number small text-center font-italic text-muted\">{{ week.number }}</div>\n        <div *ngFor=\"let day of week.days\" (click)=\"doSelect(day)\" class=\"ngb-dp-day\" [class.disabled]=\"isDisabled(day)\"\n         [class.hidden]=\"isHidden(day)\">\n          <ng-template [ngIf]=\"!isHidden(day)\">\n            <ng-template [ngTemplateOutlet]=\"dayTemplate\"\n            [ngOutletContext]=\"{date: {year: day.date.year, month: day.date.month, day: day.date.day},\n              currentMonth: month.number,\n              disabled: isDisabled(day),\n              selected: isSelected(day.date)}\">\n            </ng-template>\n          </ng-template>\n        </div>\n      </div>\n    </ng-template>\n  "}]}],"members":{"dayTemplate":[{"__symbolic":"property","decorators":[{"__symbolic":"call","expression":{"__symbolic":"reference","module":"@angular/core","name":"Input"}}]}],"disabled":[{"__symbolic":"property","decorators":[{"__symbolic":"call","expression":{"__symbolic":"reference","module":"@angular/core","name":"Input"}}]}],"month":[{"__symbolic":"property","decorators":[{"__symbolic":"call","expression":{"__symbolic":"reference","module":"@angular/core","name":"Input"}}]}],"outsideDays":[{"__symbolic":"property","decorators":[{"__symbolic":"call","expression":{"__symbolic":"reference","module":"@angular/core","name":"Input"}}]}],"selectedDate":[{"__symbolic":"property","decorators":[{"__symbolic":"call","expression":{"__symbolic":"reference","module":"@angular/core","name":"Input"}}]}],"showWeekdays":[{"__symbolic":"property","decorators":[{"__symbolic":"call","expression":{"__symbolic":"reference","module":"@angular/core","name":"Input"}}]}],"showWeekNumbers":[{"__symbolic":"property","decorators":[{"__symbolic":"call","expression":{"__symbolic":"reference","module":"@angular/core","name":"Input"}}]}],"select":[{"__symbolic":"property","decorators":[{"__symbolic":"call","expression":{"__symbolic":"reference","module":"@angular/core","name":"Output"}}]}],"__ctor__":[{"__symbolic":"constructor","parameters":[{"__symbolic":"reference","module":"./datepicker-i18n","name":"NgbDatepickerI18n"}]}],"doSelect":[{"__symbolic":"method"}],"isDisabled":[{"__symbolic":"method"}],"isSelected":[{"__symbolic":"method"}],"isCollapsed":[{"__symbolic":"method"}],"isHidden":[{"__symbolic":"method"}]}}}},{"__symbolic":"module","version":1,"metadata":{"NgbDatepickerMonthView":{"__symbolic":"class","decorators":[{"__symbolic":"call","expression":{"__symbolic":"reference","module":"@angular/core","name":"Component"},"arguments":[{"selector":"ngb-datepicker-month-view","host":{"class":"d-block"},"styles":["\n    .ngb-dp-weekday, .ngb-dp-week-number {\n      line-height: 2rem;\n    }\n    .ngb-dp-day, .ngb-dp-weekday, .ngb-dp-week-number {\n      width: 2rem;\n      height: 2rem;      \n    }\n    .ngb-dp-day {\n      cursor: pointer;\n    }\n    .ngb-dp-day.disabled, .ngb-dp-day.hidden {\n      cursor: default;\n    }\n  "],"template":"\n    <div *ngIf=\"showWeekdays\" class=\"ngb-dp-week d-flex\">\n      <div *ngIf=\"showWeekNumbers\" class=\"ngb-dp-weekday\"></div>\n      <div *ngFor=\"let w of month.weekdays\" class=\"ngb-dp-weekday small text-center text-info font-italic\">\n        {{ i18n.getWeekdayShortName(w) }}\n      </div>\n    </div>\n    <ng-template ngFor let-week [ngForOf]=\"month.weeks\">\n      <div *ngIf=\"!isCollapsed(week)\" class=\"ngb-dp-week d-flex\">\n        <div *ngIf=\"showWeekNumbers\" class=\"ngb-dp-week-number small text-center font-italic text-muted\">{{ week.number }}</div>\n        <div *ngFor=\"let day of week.days\" (click)=\"doSelect(day)\" class=\"ngb-dp-day\" [class.disabled]=\"isDisabled(day)\"\n         [class.hidden]=\"isHidden(day)\">\n          <ng-template [ngIf]=\"!isHidden(day)\">\n            <ng-template [ngTemplateOutlet]=\"dayTemplate\"\n            [ngOutletContext]=\"{date: {year: day.date.year, month: day.date.month, day: day.date.day},\n              currentMonth: month.number,\n              disabled: isDisabled(day),\n              selected: isSelected(day.date)}\">\n            </ng-template>\n          </ng-template>\n        </div>\n      </div>\n    </ng-template>\n  "}]}],"members":{"dayTemplate":[{"__symbolic":"property","decorators":[{"__symbolic":"call","expression":{"__symbolic":"reference","module":"@angular/core","name":"Input"}}]}],"disabled":[{"__symbolic":"property","decorators":[{"__symbolic":"call","expression":{"__symbolic":"reference","module":"@angular/core","name":"Input"}}]}],"month":[{"__symbolic":"property","decorators":[{"__symbolic":"call","expression":{"__symbolic":"reference","module":"@angular/core","name":"Input"}}]}],"outsideDays":[{"__symbolic":"property","decorators":[{"__symbolic":"call","expression":{"__symbolic":"reference","module":"@angular/core","name":"Input"}}]}],"selectedDate":[{"__symbolic":"property","decorators":[{"__symbolic":"call","expression":{"__symbolic":"reference","module":"@angular/core","name":"Input"}}]}],"showWeekdays":[{"__symbolic":"property","decorators":[{"__symbolic":"call","expression":{"__symbolic":"reference","module":"@angular/core","name":"Input"}}]}],"showWeekNumbers":[{"__symbolic":"property","decorators":[{"__symbolic":"call","expression":{"__symbolic":"reference","module":"@angular/core","name":"Input"}}]}],"select":[{"__symbolic":"property","decorators":[{"__symbolic":"call","expression":{"__symbolic":"reference","module":"@angular/core","name":"Output"}}]}],"__ctor__":[{"__symbolic":"constructor","parameters":[{"__symbolic":"reference","module":"./datepicker-i18n","name":"NgbDatepickerI18n"}]}],"doSelect":[{"__symbolic":"method"}],"isDisabled":[{"__symbolic":"method"}],"isSelected":[{"__symbolic":"method"}],"isCollapsed":[{"__symbolic":"method"}],"isHidden":[{"__symbolic":"method"}]}}}}]