[{"__symbolic":"module","version":3,"metadata":{"NgbDatepickerNavigation":{"__symbolic":"class","decorators":[{"__symbolic":"call","expression":{"__symbolic":"reference","module":"@angular/core","name":"Component"},"arguments":[{"selector":"ngb-datepicker-navigation","host":{"class":"d-flex justify-content-between","[class.collapsed]":"!showSelect","$quoted$":["class","[class.collapsed]"]},"styles":["\n    :host {\n      height: 2rem;\n      line-height: 1.85rem;\n    }\n    :host.collapsed {\n      margin-bottom: -2rem;        \n    }\n    .ngb-dp-navigation-chevron::before {\n      border-style: solid;\n      border-width: 0.2em 0.2em 0 0;\n      content: '';\n      display: inline-block;\n      height: 0.75em;\n      transform: rotate(-135deg);\n      -webkit-transform: rotate(-135deg);\n      -ms-transform: rotate(-135deg);\n      width: 0.75em;\n      margin: 0 0 0 0.5rem;\n    }    \n    .ngb-dp-navigation-chevron.right:before {\n      -webkit-transform: rotate(45deg);\n      -ms-transform: rotate(45deg);\n      transform: rotate(45deg);\n      margin: 0 0.5rem 0 0;\n    }\n    .btn-link {\n      cursor: pointer;\n      outline: 0;\n    }\n    .btn-link[disabled] {\n      cursor: not-allowed;\n      opacity: .65;\n    }    \n  "],"template":"\n    <button type=\"button\" class=\"btn-link\" (click)=\"!!doNavigate(navigation.PREV)\" [disabled]=\"prevDisabled()\">\n      <span class=\"ngb-dp-navigation-chevron\"></span>    \n    </button>\n    \n    <ngb-datepicker-navigation-select *ngIf=\"showSelect\" class=\"d-block\" [style.width.rem]=\"months * 9\"\n      [date]=\"date\"\n      [minDate]=\"minDate\"\n      [maxDate]=\"maxDate\"\n      [disabled] = \"disabled\"\n      (select)=\"selectDate($event)\">\n    </ngb-datepicker-navigation-select>\n    \n    <button type=\"button\" class=\"btn-link\" (click)=\"!!doNavigate(navigation.NEXT)\" [disabled]=\"nextDisabled()\">\n      <span class=\"ngb-dp-navigation-chevron right\"></span>\n    </button>\n  "}]}],"members":{"date":[{"__symbolic":"property","decorators":[{"__symbolic":"call","expression":{"__symbolic":"reference","module":"@angular/core","name":"Input"}}]}],"disabled":[{"__symbolic":"property","decorators":[{"__symbolic":"call","expression":{"__symbolic":"reference","module":"@angular/core","name":"Input"}}]}],"maxDate":[{"__symbolic":"property","decorators":[{"__symbolic":"call","expression":{"__symbolic":"reference","module":"@angular/core","name":"Input"}}]}],"minDate":[{"__symbolic":"property","decorators":[{"__symbolic":"call","expression":{"__symbolic":"reference","module":"@angular/core","name":"Input"}}]}],"months":[{"__symbolic":"property","decorators":[{"__symbolic":"call","expression":{"__symbolic":"reference","module":"@angular/core","name":"Input"}}]}],"showSelect":[{"__symbolic":"property","decorators":[{"__symbolic":"call","expression":{"__symbolic":"reference","module":"@angular/core","name":"Input"}}]}],"showWeekNumbers":[{"__symbolic":"property","decorators":[{"__symbolic":"call","expression":{"__symbolic":"reference","module":"@angular/core","name":"Input"}}]}],"navigate":[{"__symbolic":"property","decorators":[{"__symbolic":"call","expression":{"__symbolic":"reference","module":"@angular/core","name":"Output"}}]}],"select":[{"__symbolic":"property","decorators":[{"__symbolic":"call","expression":{"__symbolic":"reference","module":"@angular/core","name":"Output"}}]}],"__ctor__":[{"__symbolic":"constructor","parameters":[{"__symbolic":"reference","module":"./datepicker-i18n","name":"NgbDatepickerI18n"},{"__symbolic":"reference","module":"./ngb-calendar","name":"NgbCalendar"}]}],"doNavigate":[{"__symbolic":"method"}],"nextDisabled":[{"__symbolic":"method"}],"prevDisabled":[{"__symbolic":"method"}],"selectDate":[{"__symbolic":"method"}]}}}},{"__symbolic":"module","version":1,"metadata":{"NgbDatepickerNavigation":{"__symbolic":"class","decorators":[{"__symbolic":"call","expression":{"__symbolic":"reference","module":"@angular/core","name":"Component"},"arguments":[{"selector":"ngb-datepicker-navigation","host":{"class":"d-flex justify-content-between","[class.collapsed]":"!showSelect"},"styles":["\n    :host {\n      height: 2rem;\n      line-height: 1.85rem;\n    }\n    :host.collapsed {\n      margin-bottom: -2rem;        \n    }\n    .ngb-dp-navigation-chevron::before {\n      border-style: solid;\n      border-width: 0.2em 0.2em 0 0;\n      content: '';\n      display: inline-block;\n      height: 0.75em;\n      transform: rotate(-135deg);\n      -webkit-transform: rotate(-135deg);\n      -ms-transform: rotate(-135deg);\n      width: 0.75em;\n      margin: 0 0 0 0.5rem;\n    }    \n    .ngb-dp-navigation-chevron.right:before {\n      -webkit-transform: rotate(45deg);\n      -ms-transform: rotate(45deg);\n      transform: rotate(45deg);\n      margin: 0 0.5rem 0 0;\n    }\n    .btn-link {\n      cursor: pointer;\n      outline: 0;\n    }\n    .btn-link[disabled] {\n      cursor: not-allowed;\n      opacity: .65;\n    }    \n  "],"template":"\n    <button type=\"button\" class=\"btn-link\" (click)=\"!!doNavigate(navigation.PREV)\" [disabled]=\"prevDisabled()\">\n      <span class=\"ngb-dp-navigation-chevron\"></span>    \n    </button>\n    \n    <ngb-datepicker-navigation-select *ngIf=\"showSelect\" class=\"d-block\" [style.width.rem]=\"months * 9\"\n      [date]=\"date\"\n      [minDate]=\"minDate\"\n      [maxDate]=\"maxDate\"\n      [disabled] = \"disabled\"\n      (select)=\"selectDate($event)\">\n    </ngb-datepicker-navigation-select>\n    \n    <button type=\"button\" class=\"btn-link\" (click)=\"!!doNavigate(navigation.NEXT)\" [disabled]=\"nextDisabled()\">\n      <span class=\"ngb-dp-navigation-chevron right\"></span>\n    </button>\n  "}]}],"members":{"date":[{"__symbolic":"property","decorators":[{"__symbolic":"call","expression":{"__symbolic":"reference","module":"@angular/core","name":"Input"}}]}],"disabled":[{"__symbolic":"property","decorators":[{"__symbolic":"call","expression":{"__symbolic":"reference","module":"@angular/core","name":"Input"}}]}],"maxDate":[{"__symbolic":"property","decorators":[{"__symbolic":"call","expression":{"__symbolic":"reference","module":"@angular/core","name":"Input"}}]}],"minDate":[{"__symbolic":"property","decorators":[{"__symbolic":"call","expression":{"__symbolic":"reference","module":"@angular/core","name":"Input"}}]}],"months":[{"__symbolic":"property","decorators":[{"__symbolic":"call","expression":{"__symbolic":"reference","module":"@angular/core","name":"Input"}}]}],"showSelect":[{"__symbolic":"property","decorators":[{"__symbolic":"call","expression":{"__symbolic":"reference","module":"@angular/core","name":"Input"}}]}],"showWeekNumbers":[{"__symbolic":"property","decorators":[{"__symbolic":"call","expression":{"__symbolic":"reference","module":"@angular/core","name":"Input"}}]}],"navigate":[{"__symbolic":"property","decorators":[{"__symbolic":"call","expression":{"__symbolic":"reference","module":"@angular/core","name":"Output"}}]}],"select":[{"__symbolic":"property","decorators":[{"__symbolic":"call","expression":{"__symbolic":"reference","module":"@angular/core","name":"Output"}}]}],"__ctor__":[{"__symbolic":"constructor","parameters":[{"__symbolic":"reference","module":"./datepicker-i18n","name":"NgbDatepickerI18n"},{"__symbolic":"reference","module":"./ngb-calendar","name":"NgbCalendar"}]}],"doNavigate":[{"__symbolic":"method"}],"nextDisabled":[{"__symbolic":"method"}],"prevDisabled":[{"__symbolic":"method"}],"selectDate":[{"__symbolic":"method"}]}}}}]