[{"__symbolic":"module","version":3,"metadata":{"NgbDatepickerDayView":{"__symbolic":"class","decorators":[{"__symbolic":"call","expression":{"__symbolic":"reference","module":"@angular/core","name":"Component"},"arguments":[{"selector":"[ngbDatepickerDayView]","styles":["\n    :host {\n      text-align: center;\n      width: 2rem;\n      height: 2rem;\n      line-height: 2rem;      \n      border-radius: 0.25rem;\n    }\n    :host.outside {\n      opacity: 0.5;\n    }\n  "],"host":{"[class.bg-primary]":"selected","[class.text-white]":"selected","[class.text-muted]":"isMuted()","[class.outside]":"isMuted()","[class.btn-secondary]":"!disabled","$quoted$":["[class.bg-primary]","[class.text-white]","[class.text-muted]","[class.outside]","[class.btn-secondary]"]},"template":"{{ date.day }}"}]}],"members":{"currentMonth":[{"__symbolic":"property","decorators":[{"__symbolic":"call","expression":{"__symbolic":"reference","module":"@angular/core","name":"Input"}}]}],"date":[{"__symbolic":"property","decorators":[{"__symbolic":"call","expression":{"__symbolic":"reference","module":"@angular/core","name":"Input"}}]}],"disabled":[{"__symbolic":"property","decorators":[{"__symbolic":"call","expression":{"__symbolic":"reference","module":"@angular/core","name":"Input"}}]}],"selected":[{"__symbolic":"property","decorators":[{"__symbolic":"call","expression":{"__symbolic":"reference","module":"@angular/core","name":"Input"}}]}],"isMuted":[{"__symbolic":"method"}]}}}},{"__symbolic":"module","version":1,"metadata":{"NgbDatepickerDayView":{"__symbolic":"class","decorators":[{"__symbolic":"call","expression":{"__symbolic":"reference","module":"@angular/core","name":"Component"},"arguments":[{"selector":"[ngbDatepickerDayView]","styles":["\n    :host {\n      text-align: center;\n      width: 2rem;\n      height: 2rem;\n      line-height: 2rem;      \n      border-radius: 0.25rem;\n    }\n    :host.outside {\n      opacity: 0.5;\n    }\n  "],"host":{"[class.bg-primary]":"selected","[class.text-white]":"selected","[class.text-muted]":"isMuted()","[class.outside]":"isMuted()","[class.btn-secondary]":"!disabled"},"template":"{{ date.day }}"}]}],"members":{"currentMonth":[{"__symbolic":"property","decorators":[{"__symbolic":"call","expression":{"__symbolic":"reference","module":"@angular/core","name":"Input"}}]}],"date":[{"__symbolic":"property","decorators":[{"__symbolic":"call","expression":{"__symbolic":"reference","module":"@angular/core","name":"Input"}}]}],"disabled":[{"__symbolic":"property","decorators":[{"__symbolic":"call","expression":{"__symbolic":"reference","module":"@angular/core","name":"Input"}}]}],"selected":[{"__symbolic":"property","decorators":[{"__symbolic":"call","expression":{"__symbolic":"reference","module":"@angular/core","name":"Input"}}]}],"isMuted":[{"__symbolic":"method"}]}}}}]