[{"__symbolic":"module","version":3,"metadata":{"NgbDatepickerI18n":{"__symbolic":"class","decorators":[{"__symbolic":"call","expression":{"__symbolic":"reference","module":"@angular/core","name":"Injectable"}}],"members":{"getWeekdayShortName":[{"__symbolic":"method"}],"getMonthShortName":[{"__symbolic":"method"}],"getMonthFullName":[{"__symbolic":"method"}]}},"NgbDatepickerI18nDefault":{"__symbolic":"class","extends":{"__symbolic":"reference","name":"NgbDatepickerI18n"},"decorators":[{"__symbolic":"call","expression":{"__symbolic":"reference","module":"@angular/core","name":"Injectable"}}],"members":{"getWeekdayShortName":[{"__symbolic":"method"}],"getMonthShortName":[{"__symbolic":"method"}],"getMonthFullName":[{"__symbolic":"method"}]}}}},{"__symbolic":"module","version":1,"metadata":{"NgbDatepickerI18n":{"__symbolic":"class","decorators":[{"__symbolic":"call","expression":{"__symbolic":"reference","module":"@angular/core","name":"Injectable"}}],"members":{"getWeekdayShortName":[{"__symbolic":"method"}],"getMonthShortName":[{"__symbolic":"method"}],"getMonthFullName":[{"__symbolic":"method"}]}},"NgbDatepickerI18nDefault":{"__symbolic":"class","extends":{"__symbolic":"reference","name":"NgbDatepickerI18n"},"decorators":[{"__symbolic":"call","expression":{"__symbolic":"reference","module":"@angular/core","name":"Injectable"}}],"members":{"getWeekdayShortName":[{"__symbolic":"method"}],"getMonthShortName":[{"__symbolic":"method"}],"getMonthFullName":[{"__symbolic":"method"}]}}}}]