[{"__symbolic":"module","version":3,"metadata":{"NgbDatepickerService":{"__symbolic":"class","decorators":[{"__symbolic":"call","expression":{"__symbolic":"reference","module":"@angular/core","name":"Injectable"}}],"members":{"__ctor__":[{"__symbolic":"constructor","parameters":[{"__symbolic":"reference","module":"./ngb-calendar","name":"NgbCalendar"}]}],"generateMonthViewModel":[{"__symbolic":"method"}],"toValidDate":[{"__symbolic":"method"}],"_getFirstViewDate":[{"__symbolic":"method"}]}}}},{"__symbolic":"module","version":1,"metadata":{"NgbDatepickerService":{"__symbolic":"class","decorators":[{"__symbolic":"call","expression":{"__symbolic":"reference","module":"@angular/core","name":"Injectable"}}],"members":{"__ctor__":[{"__symbolic":"constructor","parameters":[{"__symbolic":"reference","module":"./ngb-calendar","name":"NgbCalendar"}]}],"generateMonthViewModel":[{"__symbolic":"method"}],"toValidDate":[{"__symbolic":"method"}],"_getFirstViewDate":[{"__symbolic":"method"}]}}}}]