[{"__symbolic":"module","version":3,"metadata":{"NgbDatepickerModule":{"__symbolic":"class","decorators":[{"__symbolic":"call","expression":{"__symbolic":"reference","module":"@angular/core","name":"NgModule"},"arguments":[{"declarations":[{"__symbolic":"reference","module":"./datepicker","name":"NgbDatepicker"},{"__symbolic":"reference","module":"./datepicker-month-view","name":"NgbDatepickerMonthView"},{"__symbolic":"reference","module":"./datepicker-navigation","name":"NgbDatepickerNavigation"},{"__symbolic":"reference","module":"./datepicker-navigation-select","name":"NgbDatepickerNavigationSelect"},{"__symbolic":"reference","module":"./datepicker-day-view","name":"NgbDatepickerDayView"},{"__symbolic":"reference","module":"./datepicker-input","name":"NgbInputDatepicker"}],"exports":[{"__symbolic":"reference","module":"./datepicker","name":"NgbDatepicker"},{"__symbolic":"reference","module":"./datepicker-input","name":"NgbInputDatepicker"}],"imports":[{"__symbolic":"reference","module":"@angular/common","name":"CommonModule"},{"__symbolic":"reference","module":"@angular/forms","name":"FormsModule"}],"entryComponents":[{"__symbolic":"reference","module":"./datepicker","name":"NgbDatepicker"}]}]}],"statics":{"forRoot":{"__symbolic":"function","parameters":[],"value":{"ngModule":{"__symbolic":"reference","name":"NgbDatepickerModule"},"providers":[{"provide":{"__symbolic":"reference","module":"./ngb-calendar","name":"NgbCalendar"},"useClass":{"__symbolic":"reference","module":"./ngb-calendar","name":"NgbCalendarGregorian"}},{"provide":{"__symbolic":"reference","module":"./datepicker-i18n","name":"NgbDatepickerI18n"},"useClass":{"__symbolic":"reference","module":"./datepicker-i18n","name":"NgbDatepickerI18nDefault"}},{"provide":{"__symbolic":"reference","module":"./ngb-date-parser-formatter","name":"NgbDateParserFormatter"},"useClass":{"__symbolic":"reference","module":"./ngb-date-parser-formatter","name":"NgbDateISOParserFormatter"}},{"__symbolic":"reference","module":"./datepicker-config","name":"NgbDatepickerConfig"}]}}}}},"exports":[{"from":"./datepicker","export":["NgbDatepicker","NgbDatepickerNavigateEvent"]},{"from":"./datepicker-input","export":["NgbInputDatepicker"]},{"from":"./ngb-calendar","export":["NgbCalendar"]},{"from":"./hijri/ngb-calendar-islamic-civil","export":["NgbCalendarIslamicCivil"]},{"from":"./datepicker-month-view","export":["NgbDatepickerMonthView"]},{"from":"./datepicker-day-view","export":["NgbDatepickerDayView"]},{"from":"./datepicker-navigation","export":["NgbDatepickerNavigation"]},{"from":"./datepicker-navigation-select","export":["NgbDatepickerNavigationSelect"]},{"from":"./datepicker-config","export":["NgbDatepickerConfig"]},{"from":"./datepicker-i18n","export":["NgbDatepickerI18n"]},{"from":"./ngb-date-struct","export":["NgbDateStruct"]},{"from":"./ngb-date-parser-formatter","export":["NgbDateParserFormatter"]}]},{"__symbolic":"module","version":1,"metadata":{"NgbDatepickerModule":{"__symbolic":"class","decorators":[{"__symbolic":"call","expression":{"__symbolic":"reference","module":"@angular/core","name":"NgModule"},"arguments":[{"declarations":[{"__symbolic":"reference","module":"./datepicker","name":"NgbDatepicker"},{"__symbolic":"reference","module":"./datepicker-month-view","name":"NgbDatepickerMonthView"},{"__symbolic":"reference","module":"./datepicker-navigation","name":"NgbDatepickerNavigation"},{"__symbolic":"reference","module":"./datepicker-navigation-select","name":"NgbDatepickerNavigationSelect"},{"__symbolic":"reference","module":"./datepicker-day-view","name":"NgbDatepickerDayView"},{"__symbolic":"reference","module":"./datepicker-input","name":"NgbInputDatepicker"}],"exports":[{"__symbolic":"reference","module":"./datepicker","name":"NgbDatepicker"},{"__symbolic":"reference","module":"./datepicker-input","name":"NgbInputDatepicker"}],"imports":[{"__symbolic":"reference","module":"@angular/common","name":"CommonModule"},{"__symbolic":"reference","module":"@angular/forms","name":"FormsModule"}],"entryComponents":[{"__symbolic":"reference","module":"./datepicker","name":"NgbDatepicker"}]}]}],"statics":{"forRoot":{"__symbolic":"function","parameters":[],"value":{"ngModule":{"__symbolic":"reference","name":"NgbDatepickerModule"},"providers":[{"provide":{"__symbolic":"reference","module":"./ngb-calendar","name":"NgbCalendar"},"useClass":{"__symbolic":"reference","module":"./ngb-calendar","name":"NgbCalendarGregorian"}},{"provide":{"__symbolic":"reference","module":"./datepicker-i18n","name":"NgbDatepickerI18n"},"useClass":{"__symbolic":"reference","module":"./datepicker-i18n","name":"NgbDatepickerI18nDefault"}},{"provide":{"__symbolic":"reference","module":"./ngb-date-parser-formatter","name":"NgbDateParserFormatter"},"useClass":{"__symbolic":"reference","module":"./ngb-date-parser-formatter","name":"NgbDateISOParserFormatter"}},{"__symbolic":"reference","module":"./datepicker-config","name":"NgbDatepickerConfig"}]}}}}},"exports":[{"from":"./datepicker","export":["NgbDatepicker","NgbDatepickerNavigateEvent"]},{"from":"./datepicker-input","export":["NgbInputDatepicker"]},{"from":"./ngb-calendar","export":["NgbCalendar"]},{"from":"./hijri/ngb-calendar-islamic-civil","export":["NgbCalendarIslamicCivil"]},{"from":"./datepicker-month-view","export":["NgbDatepickerMonthView"]},{"from":"./datepicker-day-view","export":["NgbDatepickerDayView"]},{"from":"./datepicker-navigation","export":["NgbDatepickerNavigation"]},{"from":"./datepicker-navigation-select","export":["NgbDatepickerNavigationSelect"]},{"from":"./datepicker-config","export":["NgbDatepickerConfig"]},{"from":"./datepicker-i18n","export":["NgbDatepickerI18n"]},{"from":"./ngb-date-struct","export":["NgbDateStruct"]},{"from":"./ngb-date-parser-formatter","export":["NgbDateParserFormatter"]}]}]