[{"__symbolic":"module","version":3,"metadata":{"NgbDate":{"__symbolic":"class","members":{"__ctor__":[{"__symbolic":"constructor","parameters":[{"__symbolic":"reference","name":"number"},{"__symbolic":"reference","name":"number"},{"__symbolic":"reference","name":"number"}]}],"equals":[{"__symbolic":"method"}],"before":[{"__symbolic":"method"}],"after":[{"__symbolic":"method"}],"toString":[{"__symbolic":"method"}]},"statics":{"from":{"__symbolic":"function","parameters":["date"],"value":{"__symbolic":"if","condition":{"__symbolic":"reference","name":"date"},"thenExpression":{"__symbolic":"new","expression":{"__symbolic":"reference","name":"NgbDate"},"arguments":[{"__symbolic":"select","expression":{"__symbolic":"reference","name":"date"},"member":"year"},{"__symbolic":"select","expression":{"__symbolic":"reference","name":"date"},"member":"month"},{"__symbolic":"if","condition":{"__symbolic":"select","expression":{"__symbolic":"reference","name":"date"},"member":"day"},"thenExpression":{"__symbolic":"select","expression":{"__symbolic":"reference","name":"date"},"member":"day"},"elseExpression":1}]},"elseExpression":null}}}}}},{"__symbolic":"module","version":1,"metadata":{"NgbDate":{"__symbolic":"class","members":{"__ctor__":[{"__symbolic":"constructor","parameters":[{"__symbolic":"reference","name":"number"},{"__symbolic":"reference","name":"number"},{"__symbolic":"reference","name":"number"}]}],"equals":[{"__symbolic":"method"}],"before":[{"__symbolic":"method"}],"after":[{"__symbolic":"method"}],"toString":[{"__symbolic":"method"}]},"statics":{"from":{"__symbolic":"function","parameters":["date"],"value":{"__symbolic":"if","condition":{"__symbolic":"reference","name":"date"},"thenExpression":{"__symbolic":"new","expression":{"__symbolic":"reference","name":"NgbDate"},"arguments":[{"__symbolic":"select","expression":{"__symbolic":"reference","name":"date"},"member":"year"},{"__symbolic":"select","expression":{"__symbolic":"reference","name":"date"},"member":"month"},{"__symbolic":"if","condition":{"__symbolic":"select","expression":{"__symbolic":"reference","name":"date"},"member":"day"},"thenExpression":{"__symbolic":"select","expression":{"__symbolic":"reference","name":"date"},"member":"day"},"elseExpression":1}]},"elseExpression":null}}}}}}]