[{"__symbolic":"module","version":3,"metadata":{"ContentRef":{"__symbolic":"class","members":{"__ctor__":[{"__symbolic":"constructor","parameters":[{"__symbolic":"reference","name":"Array","arguments":[{"__symbolic":"reference","name":"any"}]},{"__symbolic":"reference","module":"@angular/core","name":"ViewRef"},{"__symbolic":"reference","module":"@angular/core","name":"ComponentRef","arguments":[{"__symbolic":"reference","name":"any"}]}]}]}},"PopupService":{"__symbolic":"class","arity":1,"members":{"__ctor__":[{"__symbolic":"constructor","parameters":[{"__symbolic":"reference","name":"any"},{"__symbolic":"reference","module":"@angular/core","name":"Injector"},{"__symbolic":"reference","module":"@angular/core","name":"ViewContainerRef"},{"__symbolic":"reference","module":"@angular/core","name":"Renderer2"},{"__symbolic":"reference","module":"@angular/core","name":"ComponentFactoryResolver"}]}],"open":[{"__symbolic":"method"}],"close":[{"__symbolic":"method"}],"_getContentRef":[{"__symbolic":"method"}]}}}},{"__symbolic":"module","version":1,"metadata":{"ContentRef":{"__symbolic":"class","members":{"__ctor__":[{"__symbolic":"constructor","parameters":[{"__symbolic":"reference","name":"Array","arguments":[{"__symbolic":"reference","name":"any"}]},{"__symbolic":"reference","module":"@angular/core","name":"ViewRef"},{"__symbolic":"reference","module":"@angular/core","name":"ComponentRef","arguments":[{"__symbolic":"reference","name":"any"}]}]}]}},"PopupService":{"__symbolic":"class","arity":1,"members":{"__ctor__":[{"__symbolic":"constructor","parameters":[{"__symbolic":"reference","name":"any"},{"__symbolic":"reference","module":"@angular/core","name":"Injector"},{"__symbolic":"reference","module":"@angular/core","name":"ViewContainerRef"},{"__symbolic":"reference","module":"@angular/core","name":"Renderer2"},{"__symbolic":"reference","module":"@angular/core","name":"ComponentFactoryResolver"}]}],"open":[{"__symbolic":"method"}],"close":[{"__symbolic":"method"}],"_getContentRef":[{"__symbolic":"method"}]}}}}]