[{"__symbolic":"module","version":3,"metadata":{"toInteger":{"__symbolic":"function","parameters":["value"],"value":{"__symbolic":"error","message":"Expression form not supported","line":1,"character":18}},"toString":{"__symbolic":"function","parameters":["value"],"value":{"__symbolic":"if","condition":{"__symbolic":"binop","operator":"&&","left":{"__symbolic":"binop","operator":"!==","left":{"__symbolic":"reference","name":"value"},"right":{"__symbolic":"reference","name":"undefined"}},"right":{"__symbolic":"binop","operator":"!==","left":{"__symbolic":"reference","name":"value"},"right":null}},"thenExpression":{"__symbolic":"error","message":"Expression form not supported","line":5,"character":51},"elseExpression":""}},"getValueInRange":{"__symbolic":"function","parameters":["value","max","min"],"value":{"__symbolic":"call","expression":{"__symbolic":"select","expression":{"__symbolic":"reference","name":"Math"},"member":"max"},"arguments":[{"__symbolic":"call","expression":{"__symbolic":"select","expression":{"__symbolic":"reference","name":"Math"},"member":"min"},"arguments":[{"__symbolic":"reference","name":"value"},{"__symbolic":"reference","name":"max"}]},{"__symbolic":"reference","name":"min"}]},"defaults":[null,null,0]},"isString":{"__symbolic":"function","parameters":["value"],"value":{"__symbolic":"binop","operator":"===","left":{"__symbolic":"error","message":"Expression form not supported","line":13,"character":9},"right":"string"}},"isNumber":{"__symbolic":"function","parameters":["value"],"value":{"__symbolic":"pre","operator":"!","operand":{"__symbolic":"call","expression":{"__symbolic":"reference","name":"isNaN"},"arguments":[{"__symbolic":"call","expression":{"__symbolic":"reference","name":"toInteger"},"arguments":[{"__symbolic":"reference","name":"value"}]}]}}},"isInteger":{"__symbolic":"function","parameters":["value"],"value":{"__symbolic":"binop","operator":"&&","left":{"__symbolic":"binop","operator":"&&","left":{"__symbolic":"binop","operator":"===","left":{"__symbolic":"error","message":"Expression form not supported","line":21,"character":9},"right":"number"},"right":{"__symbolic":"call","expression":{"__symbolic":"reference","name":"isFinite"},"arguments":[{"__symbolic":"reference","name":"value"}]}},"right":{"__symbolic":"binop","operator":"===","left":{"__symbolic":"call","expression":{"__symbolic":"select","expression":{"__symbolic":"reference","name":"Math"},"member":"floor"},"arguments":[{"__symbolic":"reference","name":"value"}]},"right":{"__symbolic":"reference","name":"value"}}}},"isDefined":{"__symbolic":"function","parameters":["value"],"value":{"__symbolic":"binop","operator":"&&","left":{"__symbolic":"binop","operator":"!==","left":{"__symbolic":"reference","name":"value"},"right":{"__symbolic":"reference","name":"undefined"}},"right":{"__symbolic":"binop","operator":"!==","left":{"__symbolic":"reference","name":"value"},"right":null}}},"padNumber":{"__symbolic":"function"},"regExpEscape":{"__symbolic":"function","parameters":["text"],"value":{"__symbolic":"error","message":"Expression form not supported","line":37,"character":22}}}},{"__symbolic":"module","version":1,"metadata":{"toInteger":{"__symbolic":"function","parameters":["value"],"value":{"__symbolic":"error","message":"Expression form not supported","line":1,"character":18}},"toString":{"__symbolic":"function","parameters":["value"],"value":{"__symbolic":"if","condition":{"__symbolic":"binop","operator":"&&","left":{"__symbolic":"binop","operator":"!==","left":{"__symbolic":"reference","name":"value"},"right":{"__symbolic":"reference","name":"undefined"}},"right":{"__symbolic":"binop","operator":"!==","left":{"__symbolic":"reference","name":"value"},"right":null}},"thenExpression":{"__symbolic":"error","message":"Expression form not supported","line":5,"character":51},"elseExpression":""}},"getValueInRange":{"__symbolic":"function","parameters":["value","max","min"],"value":{"__symbolic":"call","expression":{"__symbolic":"select","expression":{"__symbolic":"reference","name":"Math"},"member":"max"},"arguments":[{"__symbolic":"call","expression":{"__symbolic":"select","expression":{"__symbolic":"reference","name":"Math"},"member":"min"},"arguments":[{"__symbolic":"reference","name":"value"},{"__symbolic":"reference","name":"max"}]},{"__symbolic":"reference","name":"min"}]},"defaults":[null,null,0]},"isString":{"__symbolic":"function","parameters":["value"],"value":{"__symbolic":"binop","operator":"===","left":{"__symbolic":"error","message":"Expression form not supported","line":13,"character":9},"right":"string"}},"isNumber":{"__symbolic":"function","parameters":["value"],"value":{"__symbolic":"pre","operator":"!","operand":{"__symbolic":"call","expression":{"__symbolic":"reference","name":"isNaN"},"arguments":[{"__symbolic":"call","expression":{"__symbolic":"reference","name":"toInteger"},"arguments":[{"__symbolic":"reference","name":"value"}]}]}}},"isInteger":{"__symbolic":"function","parameters":["value"],"value":{"__symbolic":"binop","operator":"&&","left":{"__symbolic":"binop","operator":"&&","left":{"__symbolic":"binop","operator":"===","left":{"__symbolic":"error","message":"Expression form not supported","line":21,"character":9},"right":"number"},"right":{"__symbolic":"call","expression":{"__symbolic":"reference","name":"isFinite"},"arguments":[{"__symbolic":"reference","name":"value"}]}},"right":{"__symbolic":"binop","operator":"===","left":{"__symbolic":"call","expression":{"__symbolic":"select","expression":{"__symbolic":"reference","name":"Math"},"member":"floor"},"arguments":[{"__symbolic":"reference","name":"value"}]},"right":{"__symbolic":"reference","name":"value"}}}},"isDefined":{"__symbolic":"function","parameters":["value"],"value":{"__symbolic":"binop","operator":"&&","left":{"__symbolic":"binop","operator":"!==","left":{"__symbolic":"reference","name":"value"},"right":{"__symbolic":"reference","name":"undefined"}},"right":{"__symbolic":"binop","operator":"!==","left":{"__symbolic":"reference","name":"value"},"right":null}}},"padNumber":{"__symbolic":"function"},"regExpEscape":{"__symbolic":"function","parameters":["text"],"value":{"__symbolic":"error","message":"Expression form not supported","line":37,"character":22}}}}]