[{"__symbolic":"module","version":3,"metadata":{"NgbSlide":{"__symbolic":"class","decorators":[{"__symbolic":"call","expression":{"__symbolic":"reference","module":"@angular/core","name":"Directive"},"arguments":[{"selector":"ng-template[ngbSlide]"}]}],"members":{"id":[{"__symbolic":"property","decorators":[{"__symbolic":"call","expression":{"__symbolic":"reference","module":"@angular/core","name":"Input"}}]}],"__ctor__":[{"__symbolic":"constructor","parameters":[{"__symbolic":"reference","module":"@angular/core","name":"TemplateRef","arguments":[{"__symbolic":"reference","name":"any"}]}]}]}},"NgbCarousel":{"__symbolic":"class","decorators":[{"__symbolic":"call","expression":{"__symbolic":"reference","module":"@angular/core","name":"Component"},"arguments":[{"selector":"ngb-carousel","exportAs":"ngbCarousel","host":{"class":"carousel slide","[style.display]":"\"block\"","tabIndex":"0","(mouseenter)":"pause()","(mouseleave)":"cycle()","(keydown.arrowLeft)":"keyPrev()","(keydown.arrowRight)":"keyNext()","$quoted$":["class","[style.display]","tabIndex","(mouseenter)","(mouseleave)","(keydown.arrowLeft)","(keydown.arrowRight)"]},"template":"\n    <ol class=\"carousel-indicators\">\n      <li *ngFor=\"let slide of slides\" [id]=\"slide.id\" [class.active]=\"slide.id === activeId\" (click)=\"cycleToSelected(slide.id)\"></li>\n    </ol>\n    <div class=\"carousel-inner\">\n      <div *ngFor=\"let slide of slides\" class=\"carousel-item\" [class.active]=\"slide.id === activeId\">\n        <ng-template [ngTemplateOutlet]=\"slide.tplRef\"></ng-template>\n      </div>\n    </div>\n    <a class=\"left carousel-control-prev\" role=\"button\" (click)=\"cycleToPrev()\">\n      <span class=\"carousel-control-prev-icon\" aria-hidden=\"true\"></span>\n      <span class=\"sr-only\">Previous</span>\n    </a>\n    <a class=\"right carousel-control-next\" role=\"button\" (click)=\"cycleToNext()\">\n      <span class=\"carousel-control-next-icon\" aria-hidden=\"true\"></span>\n      <span class=\"sr-only\">Next</span>\n    </a>\n    "}]}],"members":{"slides":[{"__symbolic":"property","decorators":[{"__symbolic":"call","expression":{"__symbolic":"reference","module":"@angular/core","name":"ContentChildren"},"arguments":[{"__symbolic":"reference","name":"NgbSlide"}]}]}],"interval":[{"__symbolic":"property","decorators":[{"__symbolic":"call","expression":{"__symbolic":"reference","module":"@angular/core","name":"Input"}}]}],"wrap":[{"__symbolic":"property","decorators":[{"__symbolic":"call","expression":{"__symbolic":"reference","module":"@angular/core","name":"Input"}}]}],"keyboard":[{"__symbolic":"property","decorators":[{"__symbolic":"call","expression":{"__symbolic":"reference","module":"@angular/core","name":"Input"}}]}],"activeId":[{"__symbolic":"property","decorators":[{"__symbolic":"call","expression":{"__symbolic":"reference","module":"@angular/core","name":"Input"}}]}],"__ctor__":[{"__symbolic":"constructor","parameters":[{"__symbolic":"reference","module":"./carousel-config","name":"NgbCarouselConfig"}]}],"ngAfterContentChecked":[{"__symbolic":"method"}],"ngOnInit":[{"__symbolic":"method"}],"ngOnDestroy":[{"__symbolic":"method"}],"select":[{"__symbolic":"method"}],"prev":[{"__symbolic":"method"}],"next":[{"__symbolic":"method"}],"pause":[{"__symbolic":"method"}],"cycle":[{"__symbolic":"method"}],"cycleToNext":[{"__symbolic":"method"}],"cycleToPrev":[{"__symbolic":"method"}],"cycleToSelected":[{"__symbolic":"method"}],"keyPrev":[{"__symbolic":"method"}],"keyNext":[{"__symbolic":"method"}],"_restartTimer":[{"__symbolic":"method"}],"_startTimer":[{"__symbolic":"method"}],"_stopTimer":[{"__symbolic":"method"}],"_getSlideById":[{"__symbolic":"method"}],"_getSlideIdxById":[{"__symbolic":"method"}],"_getNextSlide":[{"__symbolic":"method"}],"_getPrevSlide":[{"__symbolic":"method"}]}},"NGB_CAROUSEL_DIRECTIVES":[{"__symbolic":"reference","name":"NgbCarousel"},{"__symbolic":"reference","name":"NgbSlide"}]}},{"__symbolic":"module","version":1,"metadata":{"NgbSlide":{"__symbolic":"class","decorators":[{"__symbolic":"call","expression":{"__symbolic":"reference","module":"@angular/core","name":"Directive"},"arguments":[{"selector":"ng-template[ngbSlide]"}]}],"members":{"id":[{"__symbolic":"property","decorators":[{"__symbolic":"call","expression":{"__symbolic":"reference","module":"@angular/core","name":"Input"}}]}],"__ctor__":[{"__symbolic":"constructor","parameters":[{"__symbolic":"reference","module":"@angular/core","name":"TemplateRef","arguments":[{"__symbolic":"reference","name":"any"}]}]}]}},"NgbCarousel":{"__symbolic":"class","decorators":[{"__symbolic":"call","expression":{"__symbolic":"reference","module":"@angular/core","name":"Component"},"arguments":[{"selector":"ngb-carousel","exportAs":"ngbCarousel","host":{"class":"carousel slide","[style.display]":"\"block\"","tabIndex":"0","(mouseenter)":"pause()","(mouseleave)":"cycle()","(keydown.arrowLeft)":"keyPrev()","(keydown.arrowRight)":"keyNext()"},"template":"\n    <ol class=\"carousel-indicators\">\n      <li *ngFor=\"let slide of slides\" [id]=\"slide.id\" [class.active]=\"slide.id === activeId\" (click)=\"cycleToSelected(slide.id)\"></li>\n    </ol>\n    <div class=\"carousel-inner\">\n      <div *ngFor=\"let slide of slides\" class=\"carousel-item\" [class.active]=\"slide.id === activeId\">\n        <ng-template [ngTemplateOutlet]=\"slide.tplRef\"></ng-template>\n      </div>\n    </div>\n    <a class=\"left carousel-control-prev\" role=\"button\" (click)=\"cycleToPrev()\">\n      <span class=\"carousel-control-prev-icon\" aria-hidden=\"true\"></span>\n      <span class=\"sr-only\">Previous</span>\n    </a>\n    <a class=\"right carousel-control-next\" role=\"button\" (click)=\"cycleToNext()\">\n      <span class=\"carousel-control-next-icon\" aria-hidden=\"true\"></span>\n      <span class=\"sr-only\">Next</span>\n    </a>\n    "}]}],"members":{"slides":[{"__symbolic":"property","decorators":[{"__symbolic":"call","expression":{"__symbolic":"reference","module":"@angular/core","name":"ContentChildren"},"arguments":[{"__symbolic":"reference","name":"NgbSlide"}]}]}],"interval":[{"__symbolic":"property","decorators":[{"__symbolic":"call","expression":{"__symbolic":"reference","module":"@angular/core","name":"Input"}}]}],"wrap":[{"__symbolic":"property","decorators":[{"__symbolic":"call","expression":{"__symbolic":"reference","module":"@angular/core","name":"Input"}}]}],"keyboard":[{"__symbolic":"property","decorators":[{"__symbolic":"call","expression":{"__symbolic":"reference","module":"@angular/core","name":"Input"}}]}],"activeId":[{"__symbolic":"property","decorators":[{"__symbolic":"call","expression":{"__symbolic":"reference","module":"@angular/core","name":"Input"}}]}],"__ctor__":[{"__symbolic":"constructor","parameters":[{"__symbolic":"reference","module":"./carousel-config","name":"NgbCarouselConfig"}]}],"ngAfterContentChecked":[{"__symbolic":"method"}],"ngOnInit":[{"__symbolic":"method"}],"ngOnDestroy":[{"__symbolic":"method"}],"select":[{"__symbolic":"method"}],"prev":[{"__symbolic":"method"}],"next":[{"__symbolic":"method"}],"pause":[{"__symbolic":"method"}],"cycle":[{"__symbolic":"method"}],"cycleToNext":[{"__symbolic":"method"}],"cycleToPrev":[{"__symbolic":"method"}],"cycleToSelected":[{"__symbolic":"method"}],"keyPrev":[{"__symbolic":"method"}],"keyNext":[{"__symbolic":"method"}],"_restartTimer":[{"__symbolic":"method"}],"_startTimer":[{"__symbolic":"method"}],"_stopTimer":[{"__symbolic":"method"}],"_getSlideById":[{"__symbolic":"method"}],"_getSlideIdxById":[{"__symbolic":"method"}],"_getNextSlide":[{"__symbolic":"method"}],"_getPrevSlide":[{"__symbolic":"method"}]}},"NGB_CAROUSEL_DIRECTIVES":[{"__symbolic":"reference","name":"NgbCarousel"},{"__symbolic":"reference","name":"NgbSlide"}]}}]