[{"__symbolic":"module","version":3,"metadata":{"NgbButtonsModule":{"__symbolic":"class","decorators":[{"__symbolic":"call","expression":{"__symbolic":"reference","module":"@angular/core","name":"NgModule"},"arguments":[{"declarations":[{"__symbolic":"reference","module":"./radio","name":"NgbRadio"},{"__symbolic":"reference","module":"./radio","name":"NgbActiveLabel"},{"__symbolic":"reference","module":"./radio","name":"NgbRadioGroup"}],"exports":[{"__symbolic":"reference","module":"./radio","name":"NgbRadio"},{"__symbolic":"reference","module":"./radio","name":"NgbActiveLabel"},{"__symbolic":"reference","module":"./radio","name":"NgbRadioGroup"}]}]}],"statics":{"forRoot":{"__symbolic":"function","parameters":[],"value":{"ngModule":{"__symbolic":"reference","name":"NgbButtonsModule"},"providers":[]}}}}},"exports":[{"from":"./radio","export":["NgbRadio","NgbActiveLabel","NgbRadioGroup"]}]},{"__symbolic":"module","version":1,"metadata":{"NgbButtonsModule":{"__symbolic":"class","decorators":[{"__symbolic":"call","expression":{"__symbolic":"reference","module":"@angular/core","name":"NgModule"},"arguments":[{"declarations":[{"__symbolic":"reference","module":"./radio","name":"NgbRadio"},{"__symbolic":"reference","module":"./radio","name":"NgbActiveLabel"},{"__symbolic":"reference","module":"./radio","name":"NgbRadioGroup"}],"exports":[{"__symbolic":"reference","module":"./radio","name":"NgbRadio"},{"__symbolic":"reference","module":"./radio","name":"NgbActiveLabel"},{"__symbolic":"reference","module":"./radio","name":"NgbRadioGroup"}]}]}],"statics":{"forRoot":{"__symbolic":"function","parameters":[],"value":{"ngModule":{"__symbolic":"reference","name":"NgbButtonsModule"},"providers":[]}}}}},"exports":[{"from":"./radio","export":["NgbRadio","NgbActiveLabel","NgbRadioGroup"]}]}]