[{"__symbolic":"module","version":3,"metadata":{"NgbModalBackdrop":{"__symbolic":"class","decorators":[{"__symbolic":"call","expression":{"__symbolic":"reference","module":"@angular/core","name":"Component"},"arguments":[{"selector":"ngb-modal-backdrop","template":"","host":{"class":"modal-backdrop fade show","$quoted$":["class"]}}]}]}}},{"__symbolic":"module","version":1,"metadata":{"NgbModalBackdrop":{"__symbolic":"class","decorators":[{"__symbolic":"call","expression":{"__symbolic":"reference","module":"@angular/core","name":"Component"},"arguments":[{"selector":"ngb-modal-backdrop","template":"","host":{"class":"modal-backdrop fade show"}}]}]}}}]