[{"__symbolic":"module","version":3,"metadata":{"NgbModalModule":{"__symbolic":"class","decorators":[{"__symbolic":"call","expression":{"__symbolic":"reference","module":"@angular/core","name":"NgModule"},"arguments":[{"declarations":[{"__symbolic":"reference","module":"./modal-backdrop","name":"NgbModalBackdrop"},{"__symbolic":"reference","module":"./modal-window","name":"NgbModalWindow"}],"entryComponents":[{"__symbolic":"reference","module":"./modal-backdrop","name":"NgbModalBackdrop"},{"__symbolic":"reference","module":"./modal-window","name":"NgbModalWindow"}],"providers":[{"__symbolic":"reference","module":"./modal","name":"NgbModal"}]}]}],"statics":{"forRoot":{"__symbolic":"function","parameters":[],"value":{"ngModule":{"__symbolic":"reference","name":"NgbModalModule"},"providers":[{"__symbolic":"reference","module":"./modal","name":"NgbModal"},{"__symbolic":"reference","module":"./modal-stack","name":"NgbModalStack"}]}}}}},"exports":[{"from":"./modal","export":["NgbModal","NgbModalOptions"]},{"from":"./modal-ref","export":["NgbModalRef","NgbActiveModal"]},{"from":"./modal-dismiss-reasons","export":["ModalDismissReasons"]}]},{"__symbolic":"module","version":1,"metadata":{"NgbModalModule":{"__symbolic":"class","decorators":[{"__symbolic":"call","expression":{"__symbolic":"reference","module":"@angular/core","name":"NgModule"},"arguments":[{"declarations":[{"__symbolic":"reference","module":"./modal-backdrop","name":"NgbModalBackdrop"},{"__symbolic":"reference","module":"./modal-window","name":"NgbModalWindow"}],"entryComponents":[{"__symbolic":"reference","module":"./modal-backdrop","name":"NgbModalBackdrop"},{"__symbolic":"reference","module":"./modal-window","name":"NgbModalWindow"}],"providers":[{"__symbolic":"reference","module":"./modal","name":"NgbModal"}]}]}],"statics":{"forRoot":{"__symbolic":"function","parameters":[],"value":{"ngModule":{"__symbolic":"reference","name":"NgbModalModule"},"providers":[{"__symbolic":"reference","module":"./modal","name":"NgbModal"},{"__symbolic":"reference","module":"./modal-stack","name":"NgbModalStack"}]}}}}},"exports":[{"from":"./modal","export":["NgbModal","NgbModalOptions"]},{"from":"./modal-ref","export":["NgbModalRef","NgbActiveModal"]},{"from":"./modal-dismiss-reasons","export":["ModalDismissReasons"]}]}]