[{"__symbolic":"module","version":3,"metadata":{"NgbModalStack":{"__symbolic":"class","decorators":[{"__symbolic":"call","expression":{"__symbolic":"reference","module":"@angular/core","name":"Injectable"}}],"members":{"__ctor__":[{"__symbolic":"constructor","parameters":[{"__symbolic":"reference","module":"@angular/core","name":"ApplicationRef"},{"__symbolic":"reference","module":"@angular/core","name":"Injector"},{"__symbolic":"reference","module":"@angular/core","name":"ComponentFactoryResolver"}]}],"open":[{"__symbolic":"method"}],"_applyWindowOptions":[{"__symbolic":"method"}],"_getContentRef":[{"__symbolic":"method"}]}}}},{"__symbolic":"module","version":1,"metadata":{"NgbModalStack":{"__symbolic":"class","decorators":[{"__symbolic":"call","expression":{"__symbolic":"reference","module":"@angular/core","name":"Injectable"}}],"members":{"__ctor__":[{"__symbolic":"constructor","parameters":[{"__symbolic":"reference","module":"@angular/core","name":"ApplicationRef"},{"__symbolic":"reference","module":"@angular/core","name":"Injector"},{"__symbolic":"reference","module":"@angular/core","name":"ComponentFactoryResolver"}]}],"open":[{"__symbolic":"method"}],"_applyWindowOptions":[{"__symbolic":"method"}],"_getContentRef":[{"__symbolic":"method"}]}}}}]