[{"__symbolic":"module","version":3,"metadata":{"NgbCalendarHijri":{"__symbolic":"class","extends":{"__symbolic":"reference","module":"../ngb-calendar","name":"NgbCalendar"},"decorators":[{"__symbolic":"call","expression":{"__symbolic":"reference","module":"@angular/core","name":"Injectable"}}],"members":{"getDaysPerWeek":[{"__symbolic":"method"}],"getMonths":[{"__symbolic":"method"}],"getWeeksPerMonth":[{"__symbolic":"method"}],"isValid":[{"__symbolic":"method"}],"setDay":[{"__symbolic":"method"}],"setMonth":[{"__symbolic":"method"}],"setYear":[{"__symbolic":"method"}],"getWeekday":[{"__symbolic":"method"}],"getNext":[{"__symbolic":"method"}],"getPrev":[{"__symbolic":"method"}],"getWeekNumber":[{"__symbolic":"method"}],"getToday":[{"__symbolic":"method"}],"fromGregorian":[{"__symbolic":"method"}],"toGregorian":[{"__symbolic":"method"}],"getDaysInIslamicMonth":[{"__symbolic":"method"}],"_isIslamicLeapYear":[{"__symbolic":"method"}],"_getMonthStart":[{"__symbolic":"method"}],"_getYearStart":[{"__symbolic":"method"}]}}}},{"__symbolic":"module","version":1,"metadata":{"NgbCalendarHijri":{"__symbolic":"class","extends":{"__symbolic":"reference","module":"../ngb-calendar","name":"NgbCalendar"},"decorators":[{"__symbolic":"call","expression":{"__symbolic":"reference","module":"@angular/core","name":"Injectable"}}],"members":{"getDaysPerWeek":[{"__symbolic":"method"}],"getMonths":[{"__symbolic":"method"}],"getWeeksPerMonth":[{"__symbolic":"method"}],"isValid":[{"__symbolic":"method"}],"setDay":[{"__symbolic":"method"}],"setMonth":[{"__symbolic":"method"}],"setYear":[{"__symbolic":"method"}],"getWeekday":[{"__symbolic":"method"}],"getNext":[{"__symbolic":"method"}],"getPrev":[{"__symbolic":"method"}],"getWeekNumber":[{"__symbolic":"method"}],"getToday":[{"__symbolic":"method"}],"fromGregorian":[{"__symbolic":"method"}],"toGregorian":[{"__symbolic":"method"}],"getDaysInIslamicMonth":[{"__symbolic":"method"}],"_isIslamicLeapYear":[{"__symbolic":"method"}],"_getMonthStart":[{"__symbolic":"method"}],"_getYearStart":[{"__symbolic":"method"}]}}}}]