[{"__symbolic":"module","version":3,"metadata":{"NgbAlertModule":{"__symbolic":"class","decorators":[{"__symbolic":"call","expression":{"__symbolic":"reference","module":"@angular/core","name":"NgModule"},"arguments":[{"declarations":[{"__symbolic":"reference","module":"./alert","name":"NgbAlert"}],"exports":[{"__symbolic":"reference","module":"./alert","name":"NgbAlert"}],"imports":[{"__symbolic":"reference","module":"@angular/common","name":"CommonModule"}],"entryComponents":[{"__symbolic":"reference","module":"./alert","name":"NgbAlert"}]}]}],"statics":{"forRoot":{"__symbolic":"function","parameters":[],"value":{"ngModule":{"__symbolic":"reference","name":"NgbAlertModule"},"providers":[{"__symbolic":"reference","module":"./alert-config","name":"NgbAlertConfig"}]}}}}},"exports":[{"from":"./alert","export":["NgbAlert"]},{"from":"./alert-config","export":["NgbAlertConfig"]}]},{"__symbolic":"module","version":1,"metadata":{"NgbAlertModule":{"__symbolic":"class","decorators":[{"__symbolic":"call","expression":{"__symbolic":"reference","module":"@angular/core","name":"NgModule"},"arguments":[{"declarations":[{"__symbolic":"reference","module":"./alert","name":"NgbAlert"}],"exports":[{"__symbolic":"reference","module":"./alert","name":"NgbAlert"}],"imports":[{"__symbolic":"reference","module":"@angular/common","name":"CommonModule"}],"entryComponents":[{"__symbolic":"reference","module":"./alert","name":"NgbAlert"}]}]}],"statics":{"forRoot":{"__symbolic":"function","parameters":[],"value":{"ngModule":{"__symbolic":"reference","name":"NgbAlertModule"},"providers":[{"__symbolic":"reference","module":"./alert-config","name":"NgbAlertConfig"}]}}}}},"exports":[{"from":"./alert","export":["NgbAlert"]},{"from":"./alert-config","export":["NgbAlertConfig"]}]}]