{
	"info": {
		"_postman_id": "8510eb03-a964-4667-88cf-051502adebb6",
		"name": "Demo",
		"schema": "https://schema.getpostman.com/json/collection/v2.1.0/collection.json"
	},
	"item": [
		{
			"name": "http://localhost:8080/api/user/",
			"protocolProfileBehavior": {
				"disableBodyPruning": true
			},
			"request": {
				"method": "GET",
				"header": [
					{
						"key": "Authorization",
						"value": "{{auth}}",
						"type": "default"
					}
				],
				"body": {
					"mode": "raw",
					"raw": "",
					"options": {
						"raw": {
							"language": "json"
						}
					}
				},
				"url": {
					"raw": "http://localhost:8080/api/user/61f5f8c0d5f10f0ce84eaf4b",
					"protocol": "http",
					"host": [
						"localhost"
					],
					"port": "8080",
					"path": [
						"api",
						"user",
						"61f5f8c0d5f10f0ce84eaf4b"
					]
				}
			},
			"response": []
		},
		{
			"name": "http://localhost:8080/api/user/save",
			"request": {
				"method": "PUT",
				"header": [],
				"body": {
					"mode": "raw",
					"raw": "{\n    \"firstName\": \"Muthu\",\n    \"lastName\": \"Subbiah\",\n    \"email\": \"guru@gmail.com\",\n    \"role\": \"ADMIN\",\n    \"password\": \"muthu\",\n    \"userName\": \"muthu\",\n    \"active\": true\n}",
					"options": {
						"raw": {
							"language": "json"
						}
					}
				},
				"url": {
					"raw": "http://localhost:8080/api/user/save",
					"protocol": "http",
					"host": [
						"localhost"
					],
					"port": "8080",
					"path": [
						"api",
						"user",
						"save"
					]
				}
			},
			"response": []
		},
		{
			"name": "http://localhost:8080/api/user/update",
			"request": {
				"method": "POST",
				"header": [],
				"body": {
					"mode": "raw",
					"raw": "{\n    \"firstName\": \"Muthu\",\n    \"lastName\": \"Subbiah\",\n    \"email\": \"guru.gms@gmail.com\",\n    \"role\": \"ADMIN\"\n}",
					"options": {
						"raw": {
							"language": "json"
						}
					}
				},
				"url": {
					"raw": "http://localhost:8080/api/user/find",
					"protocol": "http",
					"host": [
						"localhost"
					],
					"port": "8080",
					"path": [
						"api",
						"user",
						"find"
					]
				}
			},
			"response": []
		},
		{
			"name": "http://localhost:8080/api/user/delete",
			"protocolProfileBehavior": {
				"disableBodyPruning": true
			},
			"request": {
				"method": "GET",
				"header": [],
				"body": {
					"mode": "raw",
					"raw": "",
					"options": {
						"raw": {
							"language": "json"
						}
					}
				},
				"url": {
					"raw": "http://localhost:8080/api/user/delete",
					"protocol": "http",
					"host": [
						"localhost"
					],
					"port": "8080",
					"path": [
						"api",
						"user",
						"delete"
					]
				}
			},
			"response": []
		},
		{
			"name": "http://localhost:8080/api/account/all",
			"request": {
				"method": "GET",
				"header": [
					{
						"key": "Authorization",
						"value": "{{auth}}",
						"equals": true
					}
				],
				"url": {
					"raw": "http://localhost:8080/api/account/all",
					"protocol": "http",
					"host": [
						"localhost"
					],
					"port": "8080",
					"path": [
						"api",
						"account",
						"all"
					]
				}
			},
			"response": []
		},
		{
			"name": "http://localhost:8080/api/account/save",
			"request": {
				"method": "PUT",
				"header": [
					{
						"key": "Authorization",
						"value": "{{auth}}",
						"equals": true
					}
				],
				"body": {
					"mode": "raw",
					"raw": "{\n    \"accountName\": \"Oracle\",\n    \"address\": \"Bangalore\",\n    \"url\": \"oracle@oracle.com\",\n    \"ceo\": \"Catz\",\n    \"employeeCount\": 6435,\n    \"contacts\": [\n        {\n            \"name\": \"Vidya\",\n            \"email\": \"Vidya@apple.com\",\n            \"phone\": \"9222222222\",\n            \"primaryContact\": false\n        },\n        {\n            \"name\": \"Manikumar\",\n            \"email\": \"Mani@apple.com\",\n            \"phone\": \"9222222223\",\n            \"primaryContact\": true\n        }\n    ],\n    \"notes\": [\n        {\n            \"note\": \"Sample Oracle note1\"\n        }\n    ]\n}",
					"options": {
						"raw": {
							"language": "json"
						}
					}
				},
				"url": {
					"raw": "http://localhost:8080/api/account/add",
					"protocol": "http",
					"host": [
						"localhost"
					],
					"port": "8080",
					"path": [
						"api",
						"account",
						"add"
					]
				}
			},
			"response": []
		},
		{
			"name": "http://localhost:8080/api/account/delete/",
			"request": {
				"method": "DELETE",
				"header": [
					{
						"key": "Authorization",
						"value": "{{auth}}",
						"equals": true
					}
				],
				"body": {
					"mode": "raw",
					"raw": "{\n    \"accountName\": \"Oracle\",\n    \"address\": \"Bangalore\",\n    \"url\": \"oracle@oracle.com\",\n    \"ceo\": \"Catz\",\n    \"employeeCount\": 6435,\n    \"contacts\": [\n        {\n            \"name\": \"Vidya\",\n            \"email\": \"Vidya@apple.com\",\n            \"phone\": \"9222222222\",\n            \"primaryContact\": false\n        },\n        {\n            \"name\": \"Manikumar\",\n            \"email\": \"Mani@apple.com\",\n            \"phone\": \"9222222223\",\n            \"primaryContact\": true\n        }\n    ],\n    \"notes\": [\n        {\n            \"note\": \"Sample Oracle note1\"\n        }\n    ]\n}",
					"options": {
						"raw": {
							"language": "json"
						}
					}
				},
				"url": {
					"raw": "http://localhost:8080/api/account/delete/61fe19da279d9a2059f2bcae",
					"protocol": "http",
					"host": [
						"localhost"
					],
					"port": "8080",
					"path": [
						"api",
						"account",
						"delete",
						"61fe19da279d9a2059f2bcae"
					]
				}
			},
			"response": []
		},
		{
			"name": "http://localhost:8080/api/account/",
			"protocolProfileBehavior": {
				"disableBodyPruning": true
			},
			"request": {
				"method": "GET",
				"header": [
					{
						"key": "Authorization",
						"value": "{{auth}}",
						"equals": true
					}
				],
				"body": {
					"mode": "raw",
					"raw": "{\n    \"accountName\": \"Oracle\",\n    \"address\": \"Bangalore\",\n    \"url\": \"oracle@oracle.com\",\n    \"ceo\": \"Catz\",\n    \"employeeCount\": 6435,\n    \"contacts\": [\n        {\n            \"name\": \"Vidya\",\n            \"email\": \"Vidya@apple.com\",\n            \"phone\": \"9222222222\",\n            \"primaryContact\": false\n        },\n        {\n            \"name\": \"Manikumar\",\n            \"email\": \"Mani@apple.com\",\n            \"phone\": \"9222222223\",\n            \"primaryContact\": true\n        }\n    ],\n    \"notes\": [\n        {\n            \"note\": \"Sample Oracle note1\"\n        }\n    ]\n}",
					"options": {
						"raw": {
							"language": "json"
						}
					}
				},
				"url": {
					"raw": "http://localhost:8080/api/account/61fe20eb346a7e5e737cef8e",
					"protocol": "http",
					"host": [
						"localhost"
					],
					"port": "8080",
					"path": [
						"api",
						"account",
						"61fe20eb346a7e5e737cef8e"
					]
				}
			},
			"response": []
		},
		{
			"name": "http://localhost:8080/api/account/update",
			"request": {
				"method": "POST",
				"header": [
					{
						"key": "Authorization",
						"value": "{{auth}}",
						"equals": true
					}
				],
				"body": {
					"mode": "raw",
					"raw": "{\n    \"_id\": \"61fe20eb346a7e5e737cef8e\",\n    \"accountName\": \"Oracle\",\n    \"address\": \"Bangalore\",\n    \"url\": \"oracle@oracle.com\",\n    \"ceo\": \"Catz\",\n    \"employeeCount\": 123,\n    \"contacts\": [\n        {\n            \"_id\": \"61fe20eb346a7e5e737cef90\",\n            \"accountId\": \"61fe20eb346a7e5e737cef8e\",\n            \"name\": \"Vidya\",\n            \"email\": \"Vidya@apple.com\",\n            \"phone\": \"9222222222\",\n            \"primaryContact\": false\n        },\n        {\n            \"_id\": \"61fe20eb346a7e5e737cef91\",\n            \"accountId\": \"61fe20eb346a7e5e737cef8e\",\n            \"name\": \"Manikumar\",\n            \"email\": \"Mani@apple.com\",\n            \"phone\": \"9222222223\",\n            \"primaryContact\": true\n        }\n    ],\n    \"notes\": [\n        {\n            \"_id\": \"61fe20eb346a7e5e737cef8f\",\n            \"accountId\": \"61fe20eb346a7e5e737cef8e\",\n            \"note\": \"Sample Oracle note1\",\n            \"createdDate\": \"2022-02-05T07:02:03.027+00:00\"\n        }\n    ]\n}",
					"options": {
						"raw": {
							"language": "json"
						}
					}
				},
				"url": {
					"raw": "http://localhost:8080/api/account/update",
					"protocol": "http",
					"host": [
						"localhost"
					],
					"port": "8080",
					"path": [
						"api",
						"account",
						"update"
					]
				}
			},
			"response": []
		}
	],
	"event": [
		{
			"listen": "prerequest",
			"script": {
				"type": "text/javascript",
				"exec": [
					""
				]
			}
		},
		{
			"listen": "test",
			"script": {
				"type": "text/javascript",
				"exec": [
					""
				]
			}
		}
	],
	"variable": [
		{
			"key": "auth",
			"value": "Basic aGFyaXNoOmhhcmlzaA==",
			"type": "default"
		}
	]
}