[{"__symbolic":"module","version":3,"metadata":{"NgbPopoverModule":{"__symbolic":"class","decorators":[{"__symbolic":"call","expression":{"__symbolic":"reference","module":"@angular/core","name":"NgModule"},"arguments":[{"declarations":[{"__symbolic":"reference","module":"./popover","name":"NgbPopover"},{"__symbolic":"reference","module":"./popover","name":"NgbPopoverWindow"}],"exports":[{"__symbolic":"reference","module":"./popover","name":"NgbPopover"}],"entryComponents":[{"__symbolic":"reference","module":"./popover","name":"NgbPopoverWindow"}]}]}],"statics":{"forRoot":{"__symbolic":"function","parameters":[],"value":{"ngModule":{"__symbolic":"reference","name":"NgbPopoverModule"},"providers":[{"__symbolic":"reference","module":"./popover-config","name":"NgbPopoverConfig"}]}}}}},"exports":[{"from":"./popover","export":["NgbPopover"]},{"from":"./popover-config","export":["NgbPopoverConfig"]}]},{"__symbolic":"module","version":1,"metadata":{"NgbPopoverModule":{"__symbolic":"class","decorators":[{"__symbolic":"call","expression":{"__symbolic":"reference","module":"@angular/core","name":"NgModule"},"arguments":[{"declarations":[{"__symbolic":"reference","module":"./popover","name":"NgbPopover"},{"__symbolic":"reference","module":"./popover","name":"NgbPopoverWindow"}],"exports":[{"__symbolic":"reference","module":"./popover","name":"NgbPopover"}],"entryComponents":[{"__symbolic":"reference","module":"./popover","name":"NgbPopoverWindow"}]}]}],"statics":{"forRoot":{"__symbolic":"function","parameters":[],"value":{"ngModule":{"__symbolic":"reference","name":"NgbPopoverModule"},"providers":[{"__symbolic":"reference","module":"./popover-config","name":"NgbPopoverConfig"}]}}}}},"exports":[{"from":"./popover","export":["NgbPopover"]},{"from":"./popover-config","export":["NgbPopoverConfig"]}]}]